S No,Organization name,Username,Review,Review submitted date
1,TechCorp,john_doe,Great product! Very satisfied with the quality and customer service.,2026-02-15
2,TechCorp,sarah_smith,Not happy with the delivery time. Product is okay but took too long to arrive.,2026-02-16
3,TechCorp,mike_jones,Absolutely love it! Exceeded my expectations. Will definitely recommend to friends.,2026-02-17
4,TechCorp,emily_brown,Average experience. The product works but nothing special about it.,2026-02-18
5,TechCorp,david_wilson,Terrible customer support. Product broke after 2 days and no one responded to my emails.,2026-02-19
6,TechCorp,lisa_anderson,Best purchase I've made this year! Quality is outstanding and price is reasonable.,2026-02-20
7,TechCorp,james_taylor,Good value for money. Minor issues but overall satisfied with the purchase.,2026-02-20
8,TechCorp,maria_garcia,Disappointed with the quality. Expected much better based on the reviews.,2026-02-21
9,TechCorp,robert_martinez,Excellent service and fast shipping. Product exactly as described. Very happy!,2026-02-21
10,TechCorp,jennifer_lee,Not worth the price. Found similar products elsewhere for much cheaper.,2026-02-22
